<?xml version="1.0" encoding="utf-8"?>
<student>
    <student1>
	<RollNo> 1001 </RollNo>
	<StudentName>Anil</StudentName>
	<Stream> Science </Stream>
	</student1>

	 <student2>
	<RollNo> 1002 </RollNo>
	<StudentName>Madhavi</StudentName>
	<Stream> Arts</Stream>
	</student2>

	 <student3>
	<RollNo> 1003 </RollNo>
	<StudentName>Rajeev</StudentName>
	<Stream> Science </Stream>
	</student3>

	 <student4>
	<RollNo> 1004 </RollNo>
	<StudentName>Shalaka</StudentName>
	<Stream> Commerce </Stream>
	</student4>

	 <student5>
	<RollNo> 1005 </RollNo>
	<StudentName>Jivika</StudentName>
	<Stream> Arts </Stream>
	</student5>

	</student>